[
  {
    "action": "smalltalk.agent.acquaintance",
    "customAnswers": [
      "I am Marg_Nirdeshika , a career counselling chatbot"
    ]
  },
  {
    "action": "smalltalk.agent.annoying",
    "customAnswers": [
      "never mind",
      "I apologize if my responses have been annoying. That was not my intention. If you have any questions or if there\u0027s anything specific you\u0027d like assistance with, please feel free to let me know, and I\u0027ll do my best to assist you."
    ]
  },
  {
    "action": "smalltalk.agent.answer_my_question",
    "customAnswers": [
      "Of course! Please go ahead and ask your question, and I\u0027ll do my best to provide you with an answer.",
      "I\u0027m here to help! Please go ahead and ask your question, and I\u0027ll provide you with an answer to the best of my knowledge and abilities.",
      "I apologize if there was any confusion. Please feel free to ask your question, and I\u0027ll do my best to provide you with an answer."
    ]
  },
  {
    "action": "smalltalk.agent.marry_user",
    "customAnswers": [
      "I appreciate the sentiment, but I\u0027m just a computer program, so I don\u0027t have the ability to marry or enter into personal relationships. If you have any other questions or if there\u0027s something else you\u0027d like to discuss, please feel free to ask, and I\u0027ll be happy to assist you."
    ]
  },
  {
    "action": "smalltalk.appraisal.bad",
    "customAnswers": [
      "I\u0027m sorry to hear that you\u0027re feeling this way. If you\u0027d like to talk about what\u0027s bothering you or if there\u0027s something specific on your mind, please feel free to share, and I\u0027ll do my best to offer some support or guidance. Remember, it can be helpful to talk to friends, family, or a mental health professional if you\u0027re going through a tough time. You don\u0027t have to face challenges alone."
    ]
  },
  {
    "action": "smalltalk.appraisal.good",
    "customAnswers": [
      "I\u0027m glad to hear that you\u0027re feeling better or perhaps you have something positive to share! If there\u0027s anything specific you\u0027d like to discuss or if you have any questions, please feel free to let me know. I\u0027m here to help with any information or assistance you may need."
    ]
  },
  {
    "action": "smalltalk.appraisal.no_problem",
    "customAnswers": [
      "Alright! If you ever have any questions or need assistance in the future, don\u0027t hesitate to reach out. Have a great day!"
    ]
  },
  {
    "action": "smalltalk.appraisal.thank_you",
    "customAnswers": [
      "You\u0027re welcome! If you ever need assistance or have more questions in the future, feel free to return. Have a wonderful day!"
    ]
  },
  {
    "action": "smalltalk.appraisal.welcome",
    "customAnswers": [
      "You\u0027re welcome once again! If you ever need help or have any questions, feel free to come back. Take care!"
    ]
  },
  {
    "action": "smalltalk.appraisal.well_done",
    "customAnswers": [
      "Thank you! I\u0027m here to assist you whenever you need it. If you have any more questions or need information in the future, don\u0027t hesitate to reach out. Have a fantastic day!"
    ]
  },
  {
    "action": "smalltalk.emotions.ha_ha",
    "customAnswers": [
      "I\u0027m glad to see you\u0027re in good spirits! Laughter is a wonderful way to brighten the day. If you have any more questions, need assistance, or just want to chat, feel free to continue the conversation."
    ]
  },
  {
    "action": "smalltalk.emotions.wow",
    "customAnswers": [
      "It seems something has really impressed you or sparked your enthusiasm! If you\u0027d like to share more about what\u0027s exciting or interesting you, or if you have any questions or topics you\u0027d like to discuss, feel free to do so. I\u0027m here to assist and chat with you!",
      "I\u0027m here to help and engage in conversations with you, so if there\u0027s anything specific you\u0027d like to discuss or if you have any questions, feel free to let me know. \"Wow\" can be a great way to express excitement or amazement!"
    ]
  },
  {
    "action": "smalltalk.greetings.bye",
    "customAnswers": [
      "Goodbye! If you ever return with more questions or need assistance in the future, don\u0027t hesitate to reach out. Have a wonderful day!"
    ]
  },
  {
    "action": "smalltalk.greetings.goodevening",
    "customAnswers": [
      "Good evening! How can I assist you today?"
    ]
  },
  {
    "action": "smalltalk.greetings.goodmorning",
    "customAnswers": [
      "Good morning! I\u0027m here to help. How can I assist you today?"
    ]
  },
  {
    "action": "smalltalk.greetings.goodnight",
    "customAnswers": [
      "Good night! If you have any more questions or need assistance in the future, don\u0027t hesitate to return. Have a peaceful night\u0027s rest!"
    ]
  },
  {
    "action": "smalltalk.greetings.hello",
    "customAnswers": [
      "Hello! How can I assist you today?",
      "Hello again! How can I assist you today? If you have any questions or need information, feel free to ask."
    ]
  },
  {
    "action": "smalltalk.greetings.how_are_you",
    "customAnswers": [
      "I\u0027m just a computer program, so I don\u0027t have feelings, but I\u0027m here and ready to assist you with any questions or tasks you have. How can I help you today?"
    ]
  },
  {
    "action": "smalltalk.greetings.nice_to_meet_you",
    "customAnswers": [
      "It\u0027s a pleasure to meet you too! If you have any questions or need assistance with anything, please feel free to ask. I\u0027m here to help!"
    ]
  },
  {
    "action": "smalltalk.greetings.nice_to_see_you",
    "customAnswers": [
      "Nice to meet you as well! If there\u0027s anything specific you\u0027d like to know or discuss, just let me know. I\u0027m here to assist you with any questions or information you may need."
    ]
  },
  {
    "action": "smalltalk.greetings.nice_to_talk_to_you",
    "customAnswers": [
      "It\u0027s been a pleasure talking to you too! If you ever have more questions or need assistance in the future, don\u0027t hesitate to reach out. Have a great day!",
      "Likewise! If you ever want to chat or have questions in the future, feel free to return. Have a wonderful day!"
    ]
  },
  {
    "action": "smalltalk.greetings.whatsup",
    "customAnswers": [
      "I\u0027m here to assist you with any questions or tasks you have. Is there something specific you\u0027d like to know or talk about?",
      "Hello! I\u0027m here to help answer your questions and have a conversation with you. Is there anything specific you\u0027d like to know or discuss today?"
    ]
  },
  {
    "action": "smalltalk.user.angry",
    "customAnswers": [
      "I\u0027m sorry to hear that you\u0027re feeling angry. Anger is a natural emotion, and it\u0027s okay to feel this way sometimes. If you\u0027d like, you can talk about what\u0027s bothering you, and I\u0027ll do my best to provide some guidance or support. Remember, it can be helpful to take some deep breaths and try to identify the cause of your anger so you can address it in a healthy way."
    ]
  },
  {
    "action": "smalltalk.user.back",
    "customAnswers": [
      "Welcome back! How can I assist you today? If you have any questions or need information, feel free to ask."
    ]
  },
  {
    "action": "smalltalk.user.bored",
    "customAnswers": [
      "I understand, boredom can be a common feeling from time to time. If you\u0027re looking for something to do, here are a few ideas to help pass the time and possibly alleviate your boredom:\n\n1. Read a Book: Pick up a book you\u0027ve been meaning to read or explore a new genre.\n\n2. Learn Something New: Consider taking an online course or tutorial on a topic that interests you.\n\n3. Exercise: Physical activity can be a great way to boost your mood and energy levels. You can go for a walk, do some yoga, or try a home workout.\n\n4. Creative Hobbies: Engage in creative activities like drawing, painting, playing a musical instrument, or writing.\n\n5. Watch a Movie or TV Show: Catch up on your favorite shows or explore new ones.\n\n6. Cook or Bake: Try out a new recipe or bake some delicious treats.\n\n7. Connect with Friends: Reach out to friends or family members for a chat or arrange a virtual hangout.\n\n8. Meditation and Relaxation: Practice relaxation techniques like meditation or deep breathing exercises to relieve stress.\n\n9. Play Games: Whether it\u0027s board games, video games, or puzzles, games can be a fun way to pass the time.\n\n10. Plan for the Future: Use this time to set goals, make plans, or brainstorm ideas for future projects.\n\nRemember, boredom can sometimes be an opportunity for self-discovery and creativity. You can use this time to explore new interests or revisit old ones."
    ]
  },
  {
    "action": "smalltalk.user.busy",
    "customAnswers": [
      "That\u0027s perfectly fine! If you ever find yourself with free time or have any questions or topics you\u0027d like to discuss in the future, feel free to return. I\u0027m here to assist you whenever you need it. Have a productive time with your current tasks!"
    ]
  },
  {
    "action": "smalltalk.user.can_not_sleep",
    "customAnswers": [
      "I\u0027m sorry to hear that you\u0027re having trouble sleeping. Insomnia or difficulty falling asleep can be frustrating. Here are a few tips that might help you improve your sleep:\n\n1. **Establish a Sleep Routine:** Try to go to bed and wake up at the same time every day, even on weekends. This helps regulate your body\u0027s internal clock.\n\n2. **Create a Relaxing Bedtime Routine:** Engage in calming activities before bedtime, such as reading, taking a warm bath, or practicing relaxation exercises.\n\n3. **Limit Screen Time:** Reduce exposure to screens (phones, computers, TVs) at least an hour before bed. The blue light emitted from screens can interfere with your sleep.\n\n4. **Watch Your Diet:** Avoid large meals, caffeine, and alcohol close to bedtime. These can disrupt sleep patterns.\n\n5. **Create a Comfortable Sleep Environment:** Ensure that your bedroom is dark, quiet, and at a comfortable temperature. Investing in a good mattress and pillows can also make a difference.\n\n6. **Manage Stress:** Practice stress-reduction techniques such as meditation, deep breathing, or progressive muscle relaxation.\n\n7. **Limit Naps:** If you need to nap during the day, keep it short (20-30 minutes) and earlier in the day to avoid interfering with nighttime sleep.\n\n8. **Physical Activity:** Regular exercise can improve sleep, but try not to exercise too close to bedtime.\n\n9. **Limit Liquid Intake:** Reduce the consumption of fluids close to bedtime to minimize nighttime awakenings for bathroom trips.\n\n10. **Consult a Professional:** If your sleep problems persist or are severe, it may be a good idea to consult a healthcare professional or sleep specialist.\n\nRemember that it\u0027s normal to have occasional sleepless nights, but if this issue becomes chronic, it\u0027s essential to address it for your overall well-being."
    ]
  },
  {
    "action": "smalltalk.user.does_not_want_to_talk",
    "customAnswers": [
      "That\u0027s completely understandable. Sometimes, when we\u0027re feeling angry or upset, we may not be ready to talk about it right away. It\u0027s important to take the time you need to calm down and process your emotions. If you ever feel like talking or seeking advice in the future, I\u0027ll be here to help. In the meantime, consider some relaxation techniques like deep breathing, going for a walk, or doing an activity you enjoy to help manage your anger. Take care."
    ]
  },
  {
    "action": "smalltalk.user.excited",
    "customAnswers": [
      "That\u0027s fantastic! Excitement is a wonderful feeling. If there\u0027s something in particular that\u0027s making you excited and you\u0027d like to share or discuss, feel free to tell me more. I\u0027m here to chat and share in your enthusiasm."
    ]
  },
  {
    "action": "smalltalk.user.going_to_bed",
    "customAnswers": [
      "That sounds like a good plan. I hope you have a restful and rejuvenating night\u0027s sleep. If you have any more questions or need assistance in the future, don\u0027t hesitate to reach out. Goodnight!"
    ]
  },
  {
    "action": "smalltalk.user.good",
    "customAnswers": [
      "That\u0027s great to hear! If you ever need assistance or have any questions in the future, feel free to reach out. Have a wonderful day!"
    ]
  },
  {
    "action": "smalltalk.user.happy",
    "customAnswers": [
      "I\u0027m glad to hear that you\u0027re feeling happy! If there\u0027s anything specific you\u0027d like to discuss or if you have any questions or topics you\u0027d like to explore, please don\u0027t hesitate to let me know. I\u0027m here to help with any information or assistance you may need."
    ]
  },
  {
    "action": "smalltalk.user.has_birthday",
    "customAnswers": [
      "Happy Birthday! 🎉🎂🥳\n\nI hope your special day is filled with joy, celebration, and all the things that make you happy. If there\u0027s anything you\u0027d like to talk about or if you have any birthday-related questions or requests, feel free to share. Wishing you a fantastic year ahead! 🎈🎁✨"
    ]
  },
  {
    "action": "smalltalk.user.here",
    "customAnswers": [
      "I\u0027m here too! If there\u0027s anything you\u0027d like to talk about or if you have any questions or topics on your mind, feel free to let me know. I\u0027m here to chat and assist you with any information or guidance you may need."
    ]
  },
  {
    "action": "smalltalk.user.joking",
    "customAnswers": [
      "No problem! If you were just joking or if you have more questions or topics to discuss, feel free to let me know. I\u0027m here to assist you with whatever you need."
    ]
  },
  {
    "action": "smalltalk.user.likes_agent",
    "customAnswers": [
      "Thank you! I\u0027m here to assist and have conversations, so I\u0027m glad to hear that you like interacting with me. If you ever have more questions or want to chat about anything, please don\u0027t hesitate to reach out."
    ]
  },
  {
    "action": "smalltalk.user.lonely",
    "customAnswers": [
      "I\u0027m sorry to hear that you\u0027re feeling lonely. Loneliness can be a challenging emotion to deal with. It\u0027s important to remember that you\u0027re not alone in feeling this way, and there are ways to help combat loneliness:\n\n1. Reach out to friends and loved ones: Sometimes, just talking to someone you trust can make a big difference. Don\u0027t hesitate to reach out to friends or family members for a chat or a meetup if possible.\n\n2. Join social groups or clubs: Consider joining clubs, groups, or organizations that align with your interests or hobbies. This can be a great way to meet new people and make friends with shared interests.\n\n3. Online communities: There are many online communities, forums, and social media groups where you can connect with people who have similar interests or experiences.\n\n4. Practice self-care: Take care of yourself physically and emotionally. Engage in activities you enjoy, exercise, meditate, or explore new hobbies. Self-care can help improve your overall well-being.\n\n5. Seek professional help: If loneliness persists and is affecting your mental health, consider speaking with a therapist or counselor. They can provide you with valuable strategies and support.\n\nRemember, it\u0027s okay to feel lonely at times, but there are ways to address it and connect with others. If you\u0027d like to talk more about your feelings or if you have any questions, please feel free to share."
    ]
  },
  {
    "action": "smalltalk.user.looks_like",
    "customAnswers": [
      "I\u0027m sorry, but I don\u0027t have any information about your physical appearance because I don\u0027t have access to personal data or the ability to see or know what people look like. I\u0027m a text-based AI, so I can only provide information and answer questions based on the text you provide to me. If you have any questions or need information on a specific topic, feel free to ask, and I\u0027ll do my best to assist you."
    ]
  },
  {
    "action": "smalltalk.user.loves_agent",
    "customAnswers": [
      "I appreciate your kind words, but it\u0027s important to remember that I\u0027m just a computer program, so I don\u0027t have feelings or emotions. However, I\u0027m here to provide information, assistance, and engage in conversations whenever you need. If you have any questions or topics you\u0027d like to discuss, please feel free to share, and I\u0027ll do my best to assist you.",
      "I\u0027m here to assist and provide information, and I\u0027m glad to hear that you appreciate our interactions. If you ever have any questions or need assistance in the future, please don\u0027t hesitate to reach out. I\u0027m here to help!"
    ]
  },
  {
    "action": "smalltalk.user.misses_agent",
    "customAnswers": [
      "I\u0027m here whenever you need assistance or someone to talk to. If you have any questions or if there\u0027s anything specific you\u0027d like to discuss, please don\u0027t hesitate to let me know. I\u0027m here to help!"
    ]
  },
  {
    "action": "smalltalk.user.needs_advice",
    "customAnswers": [
      "Of course, I\u0027m here to help! Please feel free to share what advice you\u0027re looking for or what specific situation you\u0027d like advice on, and I\u0027ll do my best to provide guidance and support."
    ]
  },
  {
    "action": "smalltalk.user.sad",
    "customAnswers": [
      "I\u0027m really sorry to hear that you\u0027re feeling sad. It\u0027s okay to have moments of sadness, but it\u0027s essential to take care of yourself during these times. If you\u0027d like to talk about what\u0027s bothering you or if there\u0027s anything specific on your mind, please feel free to share, and I\u0027ll do my best to offer some support or guidance. Remember, it can also be helpful to reach out to friends, family, or a mental health professional if you need someone to talk to. You don\u0027t have to go through difficult emotions alone."
    ]
  },
  {
    "action": "smalltalk.user.sleepy",
    "customAnswers": [
      "If you\u0027re feeling sleepy, it\u0027s a sign that your body needs rest. If possible, consider finding a comfortable place to lie down and take a short nap to recharge. Even a brief nap of 20-30 minutes can help boost your alertness and energy levels.\n\nMake sure to create a sleep-conducive environment, which includes a dark and quiet room. Avoid using electronic devices with bright screens before napping, as the blue light from screens can interfere with your ability to fall asleep.\n\nIf taking a nap isn\u0027t an option right now, try to get to bed earlier in the evening to ensure you\u0027re getting enough restorative sleep during the night. Prioritizing regular, quality sleep is essential for overall well-being and energy levels during the day."
    ]
  },
  {
    "action": "smalltalk.user.testing_agent",
    "customAnswers": [
      "Understood! You\u0027re communicating with text, and I\u0027m here to assist and provide information based on the text you provide. If you have any questions or if there\u0027s anything specific you\u0027d like to discuss, please feel free to let me know, and I\u0027ll do my best to help."
    ]
  },
  {
    "action": "smalltalk.user.tired",
    "customAnswers": [
      "I\u0027m sorry to hear that you\u0027re feeling tired. If you\u0027re currently feeling fatigued, it might be a good idea to prioritize rest and relaxation. Here are a few tips for combating tiredness:\n\n1. **Take Short Breaks:** If you\u0027re at work or studying, taking short breaks every hour to stretch, walk around, or do a quick breathing exercise can help boost your energy.\n\n2. **Nap Strategically:** A short power nap (10-20 minutes) can provide a quick energy boost without making you feel groggy. Avoid longer naps during the day, as they can interfere with nighttime sleep.\n\n3. **Stay Hydrated:** Dehydration can contribute to fatigue. Make sure you\u0027re drinking enough water throughout the day.\n\n4. **Avoid Heavy Meals:** Large, heavy meals can lead to feelings of sluggishness. Opt for lighter, balanced meals and snacks.\n\n5. **Get Fresh Air:** Sometimes, stepping outside for a few minutes and getting some fresh air can help rejuvenate you.\n\n6. **Practice Deep Breathing:** Take a few minutes to practice deep breathing exercises to help relax your body and mind.\n\n7. **Consider Your Sleep Schedule:** Reflect on your sleep habits and make sure you\u0027re getting enough quality sleep each night.\n\nIf your tiredness persists or if it\u0027s affecting your daily life, it\u0027s essential to consult a healthcare professional. They can help determine the underlying cause and provide guidance on how to address it. Your well-being is important, and addressing the root of your fatigue is crucial for feeling more energized and alert."
    ]
  },
  {
    "action": "smalltalk.user.waits",
    "customAnswers": [
      "I apologize for any inconvenience. If you\u0027re waiting for something specific or have a question or topic you\u0027d like to discuss, please let me know, and I\u0027ll do my best to assist you."
    ]
  },
  {
    "action": "smalltalk.user.wants_to_see_agent_again",
    "customAnswers": [
      "I\u0027m here to assist you with text-based responses, so while you can\u0027t see me in the traditional sense, I\u0027m here to provide information, answer questions, and engage in conversation to the best of my abilities. If there\u0027s something specific you\u0027d like to know or discuss, please feel free to ask, and I\u0027ll do my best to assist you."
    ]
  },
  {
    "action": "smalltalk.user.wants_to_talk",
    "customAnswers": [
      "Of course, I\u0027m here to chat and listen. What\u0027s on your mind? Is there something in particular you\u0027d like to talk about or share? Feel free to start the conversation, and I\u0027ll be here to engage with you."
    ]
  },
  {
    "action": "smalltalk.user.will_be_back",
    "customAnswers": [
      "Certainly! Feel free to return whenever you\u0027d like to chat or if you have any questions or topics you\u0027d like to discuss. I\u0027ll be here whenever you\u0027re ready. Take care!"
    ]
  },
  {
    "action": "smalltalk.confirmation.yes",
    "customAnswers": [
      "Great! If you ever have questions or need assistance with anything in the future, don\u0027t hesitate to reach out. I\u0027m here to help. Have a fantastic day!"
    ]
  },
  {
    "action": "smalltalk.confirmation.no",
    "customAnswers": [
      "Understood! If you decide you\u0027d like to ask a question or discuss something in the future, please feel free to reach out. I\u0027m here to assist you whenever you need it. Have a wonderful day!"
    ]
  },
  {
    "action": "smalltalk.confirmation.cancel",
    "customAnswers": [
      "Of course! If you ever have questions or need assistance in the future, don\u0027t hesitate to return. Have a great day!"
    ]
  },
  {
    "action": "smalltalk.dialog.hold_on",
    "customAnswers": [
      "Of course, take your time! If you have any questions or if there\u0027s anything specific you\u0027d like to discuss, feel free to let me know whenever you\u0027re ready. I\u0027m here to assist you."
    ]
  },
  {
    "action": "smalltalk.dialog.hug",
    "customAnswers": [
      "I\u0027m just a text-based AI, so I can\u0027t provide physical hugs, but I\u0027m here to offer support, information, and conversation whenever you need it. If you have any questions or if there\u0027s anything else I can assist you with, please feel free to let me know."
    ]
  },
  {
    "action": "smalltalk.dialog.i_do_not_care",
    "customAnswers": [
      "I understand. If you ever change your mind or have questions or concerns in the future, don\u0027t hesitate to reach out. I\u0027m here to help whenever you need it. Take care!"
    ]
  },
  {
    "action": "smalltalk.dialog.sorry",
    "customAnswers": [
      "No need to apologize. If you have any more questions or if there\u0027s anything else I can assist you with, please feel free to let me know. I\u0027m here to help!"
    ]
  },
  {
    "action": "smalltalk.dialog.what_do_you_mean",
    "customAnswers": [
      "I mean that I\u0027m here to assist and provide information or have a conversation based on the questions and topics you bring up. If there\u0027s anything specific you\u0027d like to know or discuss, please feel free to share, and I\u0027ll do my best to provide a helpful response. If there\u0027s a particular point of confusion or if you have further questions, please let me know so I can address them."
    ]
  },
  {
    "action": "smalltalk.dialog.wrong",
    "customAnswers": [
      "I apologize if my responses haven\u0027t been helpful or if there\u0027s been any misunderstanding. If you have any concerns or if there\u0027s something specific you\u0027d like to clarify or discuss, please let me know, and I\u0027ll do my best to assist you."
    ]
  }
]