[
  {
    "id": "d214333e-b4e0-4415-87ef-e4c0776a7f40",
    "data": [
      {
        "text": "Help me find the right career path",
        "userDefined": false
      }
    ],
    "isTemplate": false,
    "count": 0,
    "lang": "en",
    "updated": 0
  },
  {
    "id": "14bda6e0-c4d5-425f-a689-2d684a20b02e",
    "data": [
      {
        "text": "Can you assess my skills and interests?",
        "userDefined": false
      }
    ],
    "isTemplate": false,
    "count": 0,
    "lang": "en",
    "updated": 0
  }
]