[
  {
    "id": "9bbb6097-1e8b-4d30-bdbc-4504e071335f",
    "data": [
      {
        "text": "What should I consider when looking for research opportunities in my third year of B.Tech CSE?",
        "userDefined": false
      }
    ],
    "isTemplate": false,
    "count": 0,
    "lang": "en",
    "updated": 0
  },
  {
    "id": "4043599a-433b-4440-b217-611b37e33d86",
    "data": [
      {
        "text": "How can I choose elective courses that align with my career goals in B.Tech CSE for the third year?",
        "userDefined": false
      }
    ],
    "isTemplate": false,
    "count": 0,
    "lang": "en",
    "updated": 0
  },
  {
    "id": "e6cc79dd-5f29-44e8-bc73-abab45a0afad",
    "data": [
      {
        "text": "Can you suggest a study plan for my B.Tech CSE ",
        "userDefined": false
      },
      {
        "text": "3rd",
        "meta": "@sys.ordinal",
        "alias": "ordinal",
        "userDefined": false
      },
      {
        "text": "-year exams?",
        "userDefined": false
      }
    ],
    "isTemplate": false,
    "count": 0,
    "lang": "en",
    "updated": 0
  },
  {
    "id": "2c151c29-aaee-41c6-945e-af3dc682ec25",
    "data": [
      {
        "text": "How can I stay motivated and avoid academic burnout during my third year of B.Tech CSE?",
        "userDefined": false
      }
    ],
    "isTemplate": false,
    "count": 0,
    "lang": "en",
    "updated": 0
  },
  {
    "id": "03c755b3-cd1f-445d-a047-29787fafac08",
    "data": [
      {
        "text": "What career opportunities should I explore after completing my B.Tech CSE ",
        "userDefined": false
      },
      {
        "text": "3rd",
        "meta": "@sys.ordinal",
        "alias": "ordinal",
        "userDefined": false
      },
      {
        "text": " year?",
        "userDefined": false
      }
    ],
    "isTemplate": false,
    "count": 0,
    "lang": "en",
    "updated": 0
  },
  {
    "id": "b8df89a4-261c-45d1-a0ee-1d4e25144ff7",
    "data": [
      {
        "text": "Any advice for balancing coursework, internships, and personal projects in my ",
        "userDefined": false
      },
      {
        "text": "third",
        "meta": "@sys.ordinal",
        "alias": "ordinal",
        "userDefined": false
      },
      {
        "text": " year of B.Tech CSE?",
        "userDefined": false
      }
    ],
    "isTemplate": false,
    "count": 0,
    "lang": "en",
    "updated": 0
  },
  {
    "id": "747a2850-237e-42eb-b40d-e83c18389746",
    "data": [
      {
        "text": "How can I prepare for internships and projects during my B.Tech CSE ",
        "userDefined": false
      },
      {
        "text": "3rd",
        "meta": "@sys.ordinal",
        "alias": "ordinal",
        "userDefined": false
      },
      {
        "text": " year?",
        "userDefined": false
      }
    ],
    "isTemplate": false,
    "count": 0,
    "lang": "en",
    "updated": 0
  },
  {
    "id": "81f34fd4-d017-4a10-bb79-546aeada466a",
    "data": [
      {
        "text": "Tell me about effective study techniques for B.Tech CSE 3rd year.",
        "userDefined": false
      }
    ],
    "isTemplate": false,
    "count": 0,
    "lang": "en",
    "updated": 0
  },
  {
    "id": "93f33eb7-2936-40a4-b1c0-a4fb2f1ff066",
    "data": [
      {
        "text": "How can I excel in my B.Tech CSE ",
        "userDefined": false
      },
      {
        "text": "3rd",
        "meta": "@sys.ordinal",
        "alias": "ordinal",
        "userDefined": false
      },
      {
        "text": "-year courses?",
        "userDefined": false
      }
    ],
    "isTemplate": false,
    "count": 0,
    "lang": "en",
    "updated": 0
  },
  {
    "id": "b592a863-1a95-4c91-baa5-1745ee135b3f",
    "data": [
      {
        "text": "What subjects should I focus on in my third year of B.Tech CSE?",
        "userDefined": false
      }
    ],
    "isTemplate": false,
    "count": 0,
    "lang": "en",
    "updated": 0
  }
]