[
  {
    "id": "2a0ef5d3-a1d6-4caa-90e7-bdc586eeb8e3",
    "data": [
      {
        "text": "How can I balance academics and personal life in ",
        "userDefined": false
      },
      {
        "text": "12th",
        "meta": "@sys.date-time",
        "alias": "date-time",
        "userDefined": false
      },
      {
        "text": " grade?",
        "userDefined": false
      }
    ],
    "isTemplate": false,
    "count": 0,
    "lang": "en",
    "updated": 0
  },
  {
    "id": "8ead9956-9700-45c3-b932-a2b134f61b48",
    "data": [
      {
        "text": "What are the essential books and resources for ",
        "userDefined": false
      },
      {
        "text": "12th",
        "meta": "@sys.number",
        "alias": "number",
        "userDefined": false
      },
      {
        "text": " class?",
        "userDefined": false
      }
    ],
    "isTemplate": false,
    "count": 0,
    "lang": "en",
    "updated": 0
  },
  {
    "id": "0dad344c-6d35-459d-916f-14b751af8072",
    "data": [
      {
        "text": "Can you suggest a study plan for my ",
        "userDefined": false
      },
      {
        "text": "12th",
        "meta": "@sys.number",
        "alias": "number",
        "userDefined": false
      },
      {
        "text": "-grade board exams?",
        "userDefined": false
      }
    ],
    "isTemplate": false,
    "count": 0,
    "lang": "en",
    "updated": 0
  },
  {
    "id": "6c9e0202-394a-4d5e-af7b-25a9dd3b933d",
    "data": [
      {
        "text": "Which board of education is recommended for ",
        "userDefined": false
      },
      {
        "text": "12th",
        "meta": "@sys.date-time",
        "alias": "date-time",
        "userDefined": false
      },
      {
        "text": " class in my region?",
        "userDefined": false
      }
    ],
    "isTemplate": false,
    "count": 0,
    "lang": "en",
    "updated": 0
  },
  {
    "id": "c3d210e3-d5ee-48f2-8a3b-6ecb962fa82b",
    "data": [
      {
        "text": "Any advice for selecting the right college or ",
        "userDefined": false
      },
      {
        "text": "university",
        "meta": "@sys.color",
        "alias": "color",
        "userDefined": false
      },
      {
        "text": " after ",
        "userDefined": false
      },
      {
        "text": "12th",
        "meta": "@sys.ordinal",
        "alias": "ordinal",
        "userDefined": false
      },
      {
        "text": " class?",
        "userDefined": false
      }
    ],
    "isTemplate": false,
    "count": 0,
    "lang": "en",
    "updated": 0
  },
  {
    "id": "50b76289-fdeb-4e89-b89d-b7b9a1e4c75e",
    "data": [
      {
        "text": "How can I manage stress during my ",
        "userDefined": false
      },
      {
        "text": "12th",
        "meta": "@sys.number",
        "alias": "number",
        "userDefined": false
      },
      {
        "text": "-grade year?",
        "userDefined": false
      }
    ],
    "isTemplate": false,
    "count": 0,
    "lang": "en",
    "updated": 0
  },
  {
    "id": "9a040833-8ef1-40ee-b6a1-a5e5b4582b25",
    "data": [
      {
        "text": "What are the recommended extracurricular activities for ",
        "userDefined": false
      },
      {
        "text": "12th",
        "meta": "@sys.number",
        "alias": "number",
        "userDefined": false
      },
      {
        "text": "-grade students?",
        "userDefined": false
      }
    ],
    "isTemplate": false,
    "count": 0,
    "lang": "en",
    "updated": 0
  },
  {
    "id": "4f77517c-a117-40d3-9ede-26e21e918979",
    "data": [
      {
        "text": "Tell me about the best study techniques for ",
        "userDefined": false
      },
      {
        "text": "12th",
        "meta": "@sys.number",
        "alias": "number",
        "userDefined": false
      },
      {
        "text": " class.",
        "userDefined": false
      }
    ],
    "isTemplate": false,
    "count": 0,
    "lang": "en",
    "updated": 0
  },
  {
    "id": "0487ca04-752b-431b-895d-c0a2a1abfa4e",
    "data": [
      {
        "text": "How can I prepare effectively for my ",
        "userDefined": false
      },
      {
        "text": "12th",
        "meta": "@sys.number",
        "alias": "number",
        "userDefined": false
      },
      {
        "text": "-grade board exams?",
        "userDefined": false
      }
    ],
    "isTemplate": false,
    "count": 0,
    "lang": "en",
    "updated": 0
  },
  {
    "id": "8b7dca72-2673-4a9f-be7c-0975af51afbd",
    "data": [
      {
        "text": "What subjects should I choose for ",
        "userDefined": false
      },
      {
        "text": "12th",
        "meta": "@sys.number",
        "alias": "number",
        "userDefined": false
      },
      {
        "text": " grade?",
        "userDefined": false
      }
    ],
    "isTemplate": false,
    "count": 0,
    "lang": "en",
    "updated": 0
  }
]