[
  {
    "id": "3fe48355-119f-49b9-9c76-ae9092aa792e",
    "data": [
      {
        "text": "What are the career options after ",
        "userDefined": false
      },
      {
        "text": "10th",
        "meta": "@sys.ordinal",
        "alias": "ordinal",
        "userDefined": false
      },
      {
        "text": " class, and how should I prepare for them?",
        "userDefined": false
      }
    ],
    "isTemplate": false,
    "count": 0,
    "lang": "en",
    "updated": 0
  },
  {
    "id": "13e9f635-4eba-45c2-9ea3-794697d61065",
    "data": [
      {
        "text": "Is there any specific board I should consider for ",
        "userDefined": false
      },
      {
        "text": "10th",
        "meta": "@sys.ordinal",
        "alias": "ordinal",
        "userDefined": false
      },
      {
        "text": " grade in my region?",
        "userDefined": false
      }
    ],
    "isTemplate": false,
    "count": 0,
    "lang": "en",
    "updated": 0
  },
  {
    "id": "3932faf9-a32b-4547-9198-4d1f8908c0de",
    "data": [
      {
        "text": "What are the essential books to study for ",
        "userDefined": false
      },
      {
        "text": "10th",
        "meta": "@sys.number",
        "alias": "number",
        "userDefined": false
      },
      {
        "text": " class?",
        "userDefined": false
      }
    ],
    "isTemplate": false,
    "count": 0,
    "lang": "en",
    "updated": 0
  },
  {
    "id": "81dd7b7a-daed-49a9-8b2c-25a25722d99f",
    "data": [
      {
        "text": "How should I choose my subjects for ",
        "userDefined": false
      },
      {
        "text": "10th",
        "meta": "@sys.ordinal",
        "alias": "ordinal",
        "userDefined": false
      },
      {
        "text": " grade?",
        "userDefined": false
      }
    ],
    "isTemplate": false,
    "count": 0,
    "lang": "en",
    "updated": 0
  },
  {
    "id": "f4b03c86-545d-4eb5-be9a-c6a798cbe73a",
    "data": [
      {
        "text": "What courses can I take in ",
        "userDefined": false
      },
      {
        "text": "10th",
        "meta": "@sys.ordinal",
        "alias": "ordinal",
        "userDefined": false
      },
      {
        "text": " grade to prepare for a science career?",
        "userDefined": false
      }
    ],
    "isTemplate": false,
    "count": 0,
    "lang": "en",
    "updated": 0
  },
  {
    "id": "692ade68-3205-4d40-818f-bbe3d381039a",
    "data": [
      {
        "text": "I\u0027m in ",
        "userDefined": false
      },
      {
        "text": "9th",
        "meta": "@sys.ordinal",
        "alias": "ordinal",
        "userDefined": false
      },
      {
        "text": " grade, and I want to prepare for ",
        "userDefined": false
      },
      {
        "text": "10th",
        "meta": "@sys.ordinal",
        "alias": "ordinal",
        "userDefined": false
      },
      {
        "text": " class. Any advice?",
        "userDefined": false
      }
    ],
    "isTemplate": false,
    "count": 0,
    "lang": "en",
    "updated": 0
  },
  {
    "id": "dbc01791-8410-4826-9685-61a2919553b9",
    "data": [
      {
        "text": "Can you suggest a study plan for my ",
        "userDefined": false
      },
      {
        "text": "10th",
        "meta": "@sys.number",
        "alias": "number",
        "userDefined": false
      },
      {
        "text": " grade?",
        "userDefined": false
      }
    ],
    "isTemplate": false,
    "count": 0,
    "lang": "en",
    "updated": 0
  },
  {
    "id": "7c62fa2f-2caf-446a-8822-508bdc4ccc8a",
    "data": [
      {
        "text": "Which board of education is recommended for ",
        "userDefined": false
      },
      {
        "text": "10th",
        "meta": "@sys.number",
        "alias": "number",
        "userDefined": false
      },
      {
        "text": " grade?",
        "userDefined": false
      }
    ],
    "isTemplate": false,
    "count": 0,
    "lang": "en",
    "updated": 0
  },
  {
    "id": "8e66c0d0-c6fa-4a17-95d8-6d72c4ce2319",
    "data": [
      {
        "text": "Tell me about the best educational path for ",
        "userDefined": false
      },
      {
        "text": "10th",
        "meta": "@sys.number",
        "alias": "number",
        "userDefined": false
      },
      {
        "text": " class.",
        "userDefined": false
      }
    ],
    "isTemplate": false,
    "count": 0,
    "lang": "en",
    "updated": 0
  },
  {
    "id": "c04ff3e7-8f64-419f-bf21-d28f4399f5e6",
    "data": [
      {
        "text": "What subjects should I focus on in ",
        "userDefined": false
      },
      {
        "text": "10th",
        "meta": "@sys.ordinal",
        "alias": "ordinal",
        "userDefined": false
      },
      {
        "text": " grade?",
        "userDefined": false
      }
    ],
    "isTemplate": false,
    "count": 0,
    "lang": "en",
    "updated": 0
  }
]