[
  {
    "id": "1d008737-dbeb-4752-9148-ffa66ff45de4",
    "data": [
      {
        "text": "What should I consider when applying for postgraduate studies in computer science?",
        "userDefined": false
      }
    ],
    "isTemplate": false,
    "count": 0,
    "lang": "en",
    "updated": 0
  },
  {
    "id": "d5031de2-6617-4d38-bae9-657c231ebafc",
    "data": [
      {
        "text": "How can I choose electives that align with my career goals in my final year of B.Tech CSE?",
        "userDefined": false
      }
    ],
    "isTemplate": false,
    "count": 0,
    "lang": "en",
    "updated": 0
  },
  {
    "id": "4f7ac3c5-8fa9-43c6-b441-8b00783062d0",
    "data": [
      {
        "text": "Can you suggest a study plan for my B.Tech CSE ",
        "userDefined": false
      },
      {
        "text": "4th",
        "meta": "@sys.ordinal",
        "alias": "ordinal",
        "userDefined": false
      },
      {
        "text": "-year exams and placements?",
        "userDefined": false
      }
    ],
    "isTemplate": false,
    "count": 0,
    "lang": "en",
    "updated": 0
  },
  {
    "id": "ad3fe262-1047-41d4-8c9c-9dd11fb28941",
    "data": [
      {
        "text": "How can I stay motivated and manage stress during my final year of B.Tech CSE?",
        "userDefined": false
      }
    ],
    "isTemplate": false,
    "count": 0,
    "lang": "en",
    "updated": 0
  },
  {
    "id": "6314119c-cd99-4188-b3e0-f542fb78568c",
    "data": [
      {
        "text": "What career opportunities should I be aware of as I approach graduation in B.Tech CSE?",
        "userDefined": false
      }
    ],
    "isTemplate": false,
    "count": 0,
    "lang": "en",
    "updated": 0
  },
  {
    "id": "4317cdf2-42d6-4f5c-a06a-b98624473b83",
    "data": [
      {
        "text": "Any advice for balancing coursework, projects, and job applications in my ",
        "userDefined": false
      },
      {
        "text": "fourth",
        "meta": "@sys.ordinal",
        "alias": "ordinal",
        "userDefined": false
      },
      {
        "text": " year?",
        "userDefined": false
      }
    ],
    "isTemplate": false,
    "count": 0,
    "lang": "en",
    "updated": 0
  },
  {
    "id": "0bfccfd8-39ba-4a9b-8221-20062df6e498",
    "data": [
      {
        "text": "How should I approach my final year project in B.Tech CSE?",
        "userDefined": false
      }
    ],
    "isTemplate": false,
    "count": 0,
    "lang": "en",
    "updated": 0
  },
  {
    "id": "189ef798-7e73-4089-876e-cc41e45e42e8",
    "data": [
      {
        "text": "Tell me about effective study techniques for B.Tech CSE ",
        "userDefined": false
      },
      {
        "text": "4th",
        "meta": "@sys.ordinal",
        "alias": "ordinal",
        "userDefined": false
      },
      {
        "text": " year.",
        "userDefined": false
      }
    ],
    "isTemplate": false,
    "count": 0,
    "lang": "en",
    "updated": 0
  },
  {
    "id": "db6ae72b-15c6-4b0b-bc10-a1817dd862cc",
    "data": [
      {
        "text": "What courses should I take in my B.Tech CSE ",
        "userDefined": false
      },
      {
        "text": "4th",
        "meta": "@sys.ordinal",
        "alias": "ordinal",
        "userDefined": false
      },
      {
        "text": " year to prepare for my career?",
        "userDefined": false
      }
    ],
    "isTemplate": false,
    "count": 0,
    "lang": "en",
    "updated": 0
  },
  {
    "id": "808ca4a0-ead2-4bfd-b87b-4d724d3a2452",
    "data": [
      {
        "text": "How can I make the most of my ",
        "userDefined": false
      },
      {
        "text": "fourth",
        "meta": "@sys.ordinal",
        "alias": "ordinal",
        "userDefined": false
      },
      {
        "text": " year of B.Tech CSE?",
        "userDefined": false
      }
    ],
    "isTemplate": false,
    "count": 0,
    "lang": "en",
    "updated": 0
  }
]