[
  {
    "id": "7cf387d1-ad53-4f34-b18a-3534950067eb",
    "data": [
      {
        "text": "Can you suggest a study plan for my B.Tech CSE ",
        "userDefined": false
      },
      {
        "text": "1st",
        "meta": "@sys.ordinal",
        "alias": "ordinal",
        "userDefined": false
      },
      {
        "text": "-year exams?",
        "userDefined": false
      }
    ],
    "isTemplate": false,
    "count": 0,
    "lang": "en",
    "updated": 0
  },
  {
    "id": "28860343-d49f-4e8a-874f-8032ee29827e",
    "data": [
      {
        "text": "How can I stay motivated and avoid burnout during my ",
        "userDefined": false
      },
      {
        "text": "first",
        "meta": "@sys.ordinal",
        "alias": "ordinal",
        "userDefined": false
      },
      {
        "text": " year of B.Tech CSE?",
        "userDefined": false
      }
    ],
    "isTemplate": false,
    "count": 0,
    "lang": "en",
    "updated": 0
  },
  {
    "id": "623e4b94-b7d5-4379-9580-ee9021b53bf0",
    "data": [
      {
        "text": "What career opportunities should I be aware of after completing my B.Tech in CSE?",
        "userDefined": false
      }
    ],
    "isTemplate": false,
    "count": 0,
    "lang": "en",
    "updated": 0
  },
  {
    "id": "93c57238-f061-4ba8-8d16-7af6afa46a9f",
    "data": [
      {
        "text": "Any advice for choosing electives in my B.Tech CSE program?",
        "userDefined": false
      }
    ],
    "isTemplate": false,
    "count": 0,
    "lang": "en",
    "updated": 0
  },
  {
    "id": "8d73fa7f-8dd1-406e-86f4-e42379d30666",
    "data": [
      {
        "text": "How can I manage my time effectively as a B.Tech CSE ",
        "userDefined": false
      },
      {
        "text": "1st",
        "meta": "@sys.ordinal",
        "alias": "ordinal",
        "userDefined": false
      },
      {
        "text": "-year student?",
        "userDefined": false
      }
    ],
    "isTemplate": false,
    "count": 0,
    "lang": "en",
    "updated": 0
  },
  {
    "id": "da667e23-f905-4ec2-9125-025dbab6fddd",
    "data": [
      {
        "text": "What are some essential resources for my B.Tech CSE ",
        "userDefined": false
      },
      {
        "text": "1st",
        "meta": "@sys.ordinal",
        "alias": "ordinal",
        "userDefined": false
      },
      {
        "text": "-year studies?",
        "userDefined": false
      }
    ],
    "isTemplate": false,
    "count": 0,
    "lang": "en",
    "updated": 0
  },
  {
    "id": "2ded2dc9-d776-4525-8528-27b5d706ebc4",
    "data": [
      {
        "text": "Are there any recommended extracurricular activities for B.Tech CSE students?",
        "userDefined": false
      }
    ],
    "isTemplate": false,
    "count": 0,
    "lang": "en",
    "updated": 0
  },
  {
    "id": "79ab38a2-766d-40c3-97ad-0439c8c6a064",
    "data": [
      {
        "text": "Tell me about the best study techniques for B.Tech CSE ",
        "userDefined": false
      },
      {
        "text": "1st",
        "meta": "@sys.ordinal",
        "alias": "ordinal",
        "userDefined": false
      },
      {
        "text": " year.",
        "userDefined": false
      }
    ],
    "isTemplate": false,
    "count": 0,
    "lang": "en",
    "updated": 0
  },
  {
    "id": "224617de-31a2-4f12-b0d0-db6e7d3a561f",
    "data": [
      {
        "text": "How can I excel in my B.Tech CSE ",
        "userDefined": false
      },
      {
        "text": "1st",
        "meta": "@sys.ordinal",
        "alias": "ordinal",
        "userDefined": false
      },
      {
        "text": "-year courses?",
        "userDefined": false
      }
    ],
    "isTemplate": false,
    "count": 0,
    "lang": "en",
    "updated": 0
  },
  {
    "id": "e395cad0-efc7-4903-abed-a2e38b34ed56",
    "data": [
      {
        "text": "What subjects should I focus on in my ",
        "userDefined": false
      },
      {
        "text": "first",
        "meta": "@sys.ordinal",
        "alias": "ordinal",
        "userDefined": false
      },
      {
        "text": " year of B.Tech CSE?",
        "userDefined": false
      }
    ],
    "isTemplate": false,
    "count": 0,
    "lang": "en",
    "updated": 0
  }
]