[
  {
    "id": "89dbe63f-9ccc-462d-805f-99ecc3b41ce2",
    "data": [
      {
        "text": "What steps can I take to excel in subjects like Accounting, Economics, and Business Studies in ",
        "userDefined": false
      },
      {
        "text": "12th",
        "meta": "@sys.ordinal",
        "alias": "ordinal",
        "userDefined": false
      },
      {
        "text": " grade Commerce?",
        "userDefined": false
      }
    ],
    "isTemplate": false,
    "count": 0,
    "lang": "en",
    "updated": 0
  },
  {
    "id": "8fcb5d68-390b-44e4-9f2c-a7a515062be8",
    "data": [
      {
        "text": "Are there any Commerce-related extracurricular activities I can participate in during my ",
        "userDefined": false
      },
      {
        "text": "12th",
        "meta": "@sys.ordinal",
        "alias": "ordinal",
        "userDefined": false
      },
      {
        "text": " grade?",
        "userDefined": false
      }
    ],
    "isTemplate": false,
    "count": 1,
    "lang": "en",
    "updated": 0
  },
  {
    "id": "feecf8c5-ac5d-452e-bfcb-4d6aee429010",
    "data": [
      {
        "text": "What are the key concepts I should focus on in ",
        "userDefined": false
      },
      {
        "text": "12th",
        "meta": "@sys.ordinal",
        "alias": "ordinal",
        "userDefined": false
      },
      {
        "text": "-grade Commerce?",
        "userDefined": false
      }
    ],
    "isTemplate": false,
    "count": 0,
    "lang": "en",
    "updated": 0
  },
  {
    "id": "d194213d-0468-4b90-a16f-96408676cacf",
    "data": [
      {
        "text": "How should I prepare for the Commerce subjects in ",
        "userDefined": false
      },
      {
        "text": "12th",
        "meta": "@sys.ordinal",
        "alias": "ordinal",
        "userDefined": false
      },
      {
        "text": " grade?",
        "userDefined": false
      }
    ],
    "isTemplate": false,
    "count": 0,
    "lang": "en",
    "updated": 0
  },
  {
    "id": "13b071dd-474f-4ba1-9d9f-6222e26e0d0e",
    "data": [
      {
        "text": "Can you recommend some good reference books for ",
        "userDefined": false
      },
      {
        "text": "12th",
        "meta": "@sys.ordinal",
        "alias": "ordinal",
        "userDefined": false
      },
      {
        "text": "-grade Commerce?",
        "userDefined": false
      }
    ],
    "isTemplate": false,
    "count": 0,
    "lang": "en",
    "updated": 0
  },
  {
    "id": "19d5b564-fda1-4806-aea5-2aa690ac3422",
    "data": [
      {
        "text": "Tell me more about the career prospects after studying Commerce in ",
        "userDefined": false
      },
      {
        "text": "12th",
        "meta": "@sys.ordinal",
        "alias": "ordinal",
        "userDefined": false
      },
      {
        "text": " grade.",
        "userDefined": false
      }
    ],
    "isTemplate": false,
    "count": 0,
    "lang": "en",
    "updated": 0
  },
  {
    "id": "396502f3-cc34-41cd-abb3-1b5ee4db0681",
    "data": [
      {
        "text": "How can I choose the right Commerce subjects for ",
        "userDefined": false
      },
      {
        "text": "12th",
        "meta": "@sys.ordinal",
        "alias": "ordinal",
        "userDefined": false
      },
      {
        "text": " grade?",
        "userDefined": false
      }
    ],
    "isTemplate": false,
    "count": 0,
    "lang": "en",
    "updated": 0
  }
]