[
  {
    "id": "c6960e2f-719a-4279-8fb1-5e8f7b21af1b",
    "data": [
      {
        "text": "How can I balance academics and extracurriculars in ",
        "userDefined": false
      },
      {
        "text": "11th",
        "meta": "@sys.date-time",
        "alias": "date-time",
        "userDefined": false
      },
      {
        "text": " grade?",
        "userDefined": false
      }
    ],
    "isTemplate": false,
    "count": 0,
    "lang": "en",
    "updated": 0
  },
  {
    "id": "a4bb5f93-3e38-4734-9342-09e25cf278d2",
    "data": [
      {
        "text": "What are the essential books and resources for ",
        "userDefined": false
      },
      {
        "text": "11th",
        "meta": "@sys.number",
        "alias": "number",
        "userDefined": false
      },
      {
        "text": " class?",
        "userDefined": false
      }
    ],
    "isTemplate": false,
    "count": 0,
    "lang": "en",
    "updated": 0
  },
  {
    "id": "8d98bf9f-fec1-4bdc-be53-d1b493ff769e",
    "data": [
      {
        "text": "Can you suggest a study plan for my ",
        "userDefined": false
      },
      {
        "text": "11th",
        "meta": "@sys.number",
        "alias": "number",
        "userDefined": false
      },
      {
        "text": " grade?",
        "userDefined": false
      }
    ],
    "isTemplate": false,
    "count": 0,
    "lang": "en",
    "updated": 0
  },
  {
    "id": "d760f8b8-3b23-4dc3-a47e-cf1ce39ecf20",
    "data": [
      {
        "text": "Which board of education is recommended for ",
        "userDefined": false
      },
      {
        "text": "11th",
        "meta": "@sys.date-time",
        "alias": "date-time",
        "userDefined": false
      },
      {
        "text": " class in my region?",
        "userDefined": false
      }
    ],
    "isTemplate": false,
    "count": 0,
    "lang": "en",
    "updated": 0
  },
  {
    "id": "4bdf97f0-31d3-4ff0-b485-2555cf23071c",
    "data": [
      {
        "text": "What are the career options after ",
        "userDefined": false
      },
      {
        "text": "11th",
        "meta": "@sys.date-time",
        "alias": "date-time",
        "userDefined": false
      },
      {
        "text": " class, and how should I prepare for them?",
        "userDefined": false
      }
    ],
    "isTemplate": false,
    "count": 0,
    "lang": "en",
    "updated": 0
  },
  {
    "id": "2b52abcf-acf4-47e6-9471-1802fb03b21e",
    "data": [
      {
        "text": "I\u0027m entering ",
        "userDefined": false
      },
      {
        "text": "11th",
        "meta": "@sys.ordinal",
        "alias": "ordinal",
        "userDefined": false
      },
      {
        "text": " grade soon. Any advice on choosing the right stream?",
        "userDefined": false
      }
    ],
    "isTemplate": false,
    "count": 0,
    "lang": "en",
    "updated": 0
  },
  {
    "id": "ab7aaa40-1c98-43fc-9a64-aec1950e01c9",
    "data": [
      {
        "text": "What are the recommended extracurricular activities for ",
        "userDefined": false
      },
      {
        "text": "11th",
        "meta": "@sys.date-time",
        "alias": "date-time",
        "userDefined": false
      },
      {
        "text": " class students?",
        "userDefined": false
      }
    ],
    "isTemplate": false,
    "count": 0,
    "lang": "en",
    "updated": 0
  },
  {
    "id": "1e0e40b0-5530-4b43-921d-c1e81ebdec48",
    "data": [
      {
        "text": "How can I prepare for ",
        "userDefined": false
      },
      {
        "text": "11th",
        "meta": "@sys.number",
        "alias": "number",
        "userDefined": false
      },
      {
        "text": " grade effectively?",
        "userDefined": false
      }
    ],
    "isTemplate": false,
    "count": 0,
    "lang": "en",
    "updated": 0
  },
  {
    "id": "f4743832-ce5e-49e8-a77d-07f4905d6717",
    "data": [
      {
        "text": "Tell me about the best educational path for ",
        "userDefined": false
      },
      {
        "text": "11th",
        "meta": "@sys.date-time",
        "alias": "date-time",
        "userDefined": false
      },
      {
        "text": " class.",
        "userDefined": false
      }
    ],
    "isTemplate": false,
    "count": 0,
    "lang": "en",
    "updated": 0
  },
  {
    "id": "35027e62-e4d3-41bc-9c2e-5c7a7c4d1bb2",
    "data": [
      {
        "text": "What subjects should I choose for ",
        "userDefined": false
      },
      {
        "text": "11th",
        "meta": "@sys.number",
        "alias": "number",
        "userDefined": false
      },
      {
        "text": " grade?",
        "userDefined": false
      }
    ],
    "isTemplate": false,
    "count": 0,
    "lang": "en",
    "updated": 0
  }
]