[
  {
    "id": "42a3576e-8597-4ac5-b692-7df7461f53b6",
    "data": [
      {
        "text": "Tell me about career options",
        "userDefined": false
      }
    ],
    "isTemplate": false,
    "count": 0,
    "lang": "en",
    "updated": 0
  },
  {
    "id": "2b9fc93e-b0cc-4bbe-ac3c-600904a6eed5",
    "data": [
      {
        "text": "What careers are suitable for me?",
        "userDefined": false
      }
    ],
    "isTemplate": false,
    "count": 0,
    "lang": "en",
    "updated": 0
  },
  {
    "id": "a23244b8-d575-4a3f-a7fa-4fece4532767",
    "data": [
      {
        "text": "Can you help me with my career?",
        "userDefined": false
      }
    ],
    "isTemplate": false,
    "count": 0,
    "lang": "en",
    "updated": 0
  },
  {
    "id": "ec5c0763-844c-4ee3-a291-e1bd9d9e57ea",
    "data": [
      {
        "text": "I need career advice",
        "userDefined": false
      }
    ],
    "isTemplate": false,
    "count": 0,
    "lang": "en",
    "updated": 0
  }
]